{
    "loss": 26.998401641845703,
    "accuracy": 0.4313725531101227
}