{
    "loss": 5.433816432952881,
    "accuracy": 0.4313725531101227
}