{
    "loss": 6.408140659332275,
    "accuracy": 0.7647058963775635
}