{
    "loss": 13.69638729095459,
    "accuracy": 0.4313725531101227
}